date_key,full_date,year,month,quarter
1,2018-01-01,2018,1,1
2,2018-01-02,2018,1,1
3,2018-01-03,2018,1,1
4,2018-01-04,2018,1,1
5,2018-01-05,2018,1,1
6,2018-01-06,2018,1,1
7,2018-01-07,2018,1,1
8,2018-01-08,2018,1,1
9,2018-01-09,2018,1,1
10,2018-01-10,2018,1,1
11,2018-01-11,2018,1,1
12,2018-01-12,2018,1,1
13,2018-01-13,2018,1,1
14,2018-01-14,2018,1,1
15,2018-01-15,2018,1,1
16,2018-01-16,2018,1,1
17,2018-01-17,2018,1,1
18,2018-01-18,2018,1,1
19,2018-01-19,2018,1,1
20,2018-01-20,2018,1,1
21,2018-01-21,2018,1,1
22,2018-01-22,2018,1,1
23,2018-01-23,2018,1,1
24,2018-01-24,2018,1,1
25,2018-01-25,2018,1,1
26,2018-01-26,2018,1,1
27,2018-01-27,2018,1,1
28,2018-01-28,2018,1,1
29,2018-01-29,2018,1,1
30,2018-01-30,2018,1,1
31,2018-01-31,2018,1,1
32,2018-02-01,2018,2,1
33,2018-02-02,2018,2,1
34,2018-02-03,2018,2,1
35,2018-02-04,2018,2,1
36,2018-02-05,2018,2,1
37,2018-02-06,2018,2,1
38,2018-02-07,2018,2,1
39,2018-02-08,2018,2,1
40,2018-02-09,2018,2,1
41,2018-02-10,2018,2,1
42,2018-02-11,2018,2,1
43,2018-02-12,2018,2,1
44,2018-02-13,2018,2,1
45,2018-02-14,2018,2,1
46,2018-02-15,2018,2,1
47,2018-02-16,2018,2,1
48,2018-02-17,2018,2,1
49,2018-02-18,2018,2,1
50,2018-02-19,2018,2,1
51,2018-02-20,2018,2,1
52,2018-02-21,2018,2,1
53,2018-02-22,2018,2,1
54,2018-02-23,2018,2,1
55,2018-02-24,2018,2,1
56,2018-02-25,2018,2,1
57,2018-02-26,2018,2,1
58,2018-02-27,2018,2,1
59,2018-02-28,2018,2,1
60,2018-03-01,2018,3,1
61,2018-03-02,2018,3,1
62,2018-03-03,2018,3,1
63,2018-03-04,2018,3,1
64,2018-03-05,2018,3,1
65,2018-03-06,2018,3,1
66,2018-03-07,2018,3,1
67,2018-03-08,2018,3,1
68,2018-03-09,2018,3,1
69,2018-03-10,2018,3,1
70,2018-03-11,2018,3,1
71,2018-03-12,2018,3,1
72,2018-03-13,2018,3,1
73,2018-03-14,2018,3,1
74,2018-03-15,2018,3,1
75,2018-03-16,2018,3,1
76,2018-03-17,2018,3,1
77,2018-03-18,2018,3,1
78,2018-03-19,2018,3,1
79,2018-03-20,2018,3,1
80,2018-03-21,2018,3,1
81,2018-03-22,2018,3,1
82,2018-03-23,2018,3,1
83,2018-03-24,2018,3,1
84,2018-03-25,2018,3,1
85,2018-03-26,2018,3,1
86,2018-03-27,2018,3,1
87,2018-03-28,2018,3,1
88,2018-03-29,2018,3,1
89,2018-03-30,2018,3,1
90,2018-03-31,2018,3,1
91,2018-04-01,2018,4,2
92,2018-04-02,2018,4,2
93,2018-04-03,2018,4,2
94,2018-04-04,2018,4,2
95,2018-04-05,2018,4,2
96,2018-04-06,2018,4,2
97,2018-04-07,2018,4,2
98,2018-04-08,2018,4,2
99,2018-04-09,2018,4,2
100,2018-04-10,2018,4,2
101,2018-04-11,2018,4,2
102,2018-04-12,2018,4,2
103,2018-04-13,2018,4,2
104,2018-04-14,2018,4,2
105,2018-04-15,2018,4,2
106,2018-04-16,2018,4,2
107,2018-04-17,2018,4,2
108,2018-04-18,2018,4,2
109,2018-04-19,2018,4,2
110,2018-04-20,2018,4,2
111,2018-04-21,2018,4,2
112,2018-04-22,2018,4,2
113,2018-04-23,2018,4,2
114,2018-04-24,2018,4,2
115,2018-04-25,2018,4,2
116,2018-04-26,2018,4,2
117,2018-04-27,2018,4,2
118,2018-04-28,2018,4,2
119,2018-04-29,2018,4,2
120,2018-04-30,2018,4,2
121,2018-05-01,2018,5,2
122,2018-05-02,2018,5,2
123,2018-05-03,2018,5,2
124,2018-05-04,2018,5,2
125,2018-05-05,2018,5,2
126,2018-05-06,2018,5,2
127,2018-05-07,2018,5,2
128,2018-05-08,2018,5,2
129,2018-05-09,2018,5,2
130,2018-05-10,2018,5,2
131,2018-05-11,2018,5,2
132,2018-05-12,2018,5,2
133,2018-05-13,2018,5,2
134,2018-05-14,2018,5,2
135,2018-05-15,2018,5,2
136,2018-05-16,2018,5,2
137,2018-05-17,2018,5,2
138,2018-05-18,2018,5,2
139,2018-05-19,2018,5,2
140,2018-05-20,2018,5,2
141,2018-05-21,2018,5,2
142,2018-05-22,2018,5,2
143,2018-05-23,2018,5,2
144,2018-05-24,2018,5,2
145,2018-05-25,2018,5,2
146,2018-05-26,2018,5,2
147,2018-05-27,2018,5,2
148,2018-05-28,2018,5,2
149,2018-05-29,2018,5,2
150,2018-05-30,2018,5,2
151,2018-05-31,2018,5,2
152,2018-06-01,2018,6,2
153,2018-06-02,2018,6,2
154,2018-06-03,2018,6,2
155,2018-06-04,2018,6,2
156,2018-06-05,2018,6,2
157,2018-06-06,2018,6,2
158,2018-06-07,2018,6,2
159,2018-06-08,2018,6,2
160,2018-06-09,2018,6,2
161,2018-06-10,2018,6,2
162,2018-06-11,2018,6,2
163,2018-06-12,2018,6,2
164,2018-06-13,2018,6,2
165,2018-06-14,2018,6,2
166,2018-06-15,2018,6,2
167,2018-06-16,2018,6,2
168,2018-06-17,2018,6,2
169,2018-06-18,2018,6,2
170,2018-06-19,2018,6,2
171,2018-06-20,2018,6,2
172,2018-06-21,2018,6,2
173,2018-06-22,2018,6,2
174,2018-06-23,2018,6,2
175,2018-06-24,2018,6,2
176,2018-06-25,2018,6,2
177,2018-06-26,2018,6,2
178,2018-06-27,2018,6,2
179,2018-06-28,2018,6,2
180,2018-06-29,2018,6,2
181,2018-06-30,2018,6,2
182,2018-07-01,2018,7,3
183,2018-07-02,2018,7,3
184,2018-07-03,2018,7,3
185,2018-07-04,2018,7,3
186,2018-07-05,2018,7,3
187,2018-07-06,2018,7,3
188,2018-07-07,2018,7,3
189,2018-07-08,2018,7,3
190,2018-07-09,2018,7,3
191,2018-07-10,2018,7,3
192,2018-07-11,2018,7,3
193,2018-07-12,2018,7,3
194,2018-07-13,2018,7,3
195,2018-07-14,2018,7,3
196,2018-07-15,2018,7,3
197,2018-07-16,2018,7,3
198,2018-07-17,2018,7,3
199,2018-07-18,2018,7,3
200,2018-07-19,2018,7,3
201,2018-07-20,2018,7,3
202,2018-07-21,2018,7,3
203,2018-07-22,2018,7,3
204,2018-07-23,2018,7,3
205,2018-07-24,2018,7,3
206,2018-07-25,2018,7,3
207,2018-07-26,2018,7,3
208,2018-07-27,2018,7,3
209,2018-07-28,2018,7,3
210,2018-07-29,2018,7,3
211,2018-07-30,2018,7,3
212,2018-07-31,2018,7,3
213,2018-08-01,2018,8,3
214,2018-08-02,2018,8,3
215,2018-08-03,2018,8,3
216,2018-08-04,2018,8,3
217,2018-08-05,2018,8,3
218,2018-08-06,2018,8,3
219,2018-08-07,2018,8,3
220,2018-08-08,2018,8,3
221,2018-08-09,2018,8,3
222,2018-08-10,2018,8,3
223,2018-08-11,2018,8,3
224,2018-08-12,2018,8,3
225,2018-08-13,2018,8,3
226,2018-08-14,2018,8,3
227,2018-08-15,2018,8,3
228,2018-08-16,2018,8,3
229,2018-08-17,2018,8,3
230,2018-08-18,2018,8,3
231,2018-08-19,2018,8,3
232,2018-08-20,2018,8,3
233,2018-08-21,2018,8,3
234,2018-08-22,2018,8,3
235,2018-08-23,2018,8,3
236,2018-08-24,2018,8,3
237,2018-08-25,2018,8,3
238,2018-08-26,2018,8,3
239,2018-08-27,2018,8,3
240,2018-08-28,2018,8,3
241,2018-08-29,2018,8,3
242,2018-08-30,2018,8,3
243,2018-08-31,2018,8,3
244,2018-09-01,2018,9,3
245,2018-09-02,2018,9,3
246,2018-09-03,2018,9,3
247,2018-09-04,2018,9,3
248,2018-09-05,2018,9,3
249,2018-09-06,2018,9,3
250,2018-09-07,2018,9,3
251,2018-09-08,2018,9,3
252,2018-09-09,2018,9,3
253,2018-09-10,2018,9,3
254,2018-09-11,2018,9,3
255,2018-09-12,2018,9,3
256,2018-09-13,2018,9,3
257,2018-09-14,2018,9,3
258,2018-09-15,2018,9,3
259,2018-09-16,2018,9,3
260,2018-09-17,2018,9,3
261,2018-09-18,2018,9,3
262,2018-09-19,2018,9,3
263,2018-09-20,2018,9,3
264,2018-09-21,2018,9,3
265,2018-09-22,2018,9,3
266,2018-09-23,2018,9,3
267,2018-09-24,2018,9,3
268,2018-09-25,2018,9,3
269,2018-09-26,2018,9,3
270,2018-09-27,2018,9,3
271,2018-09-28,2018,9,3
272,2018-09-29,2018,9,3
273,2018-09-30,2018,9,3
274,2018-10-01,2018,10,4
275,2018-10-02,2018,10,4
276,2018-10-03,2018,10,4
277,2018-10-04,2018,10,4
278,2018-10-05,2018,10,4
279,2018-10-06,2018,10,4
280,2018-10-07,2018,10,4
281,2018-10-08,2018,10,4
282,2018-10-09,2018,10,4
283,2018-10-10,2018,10,4
284,2018-10-11,2018,10,4
285,2018-10-12,2018,10,4
286,2018-10-13,2018,10,4
287,2018-10-14,2018,10,4
288,2018-10-15,2018,10,4
289,2018-10-16,2018,10,4
290,2018-10-17,2018,10,4
291,2018-10-18,2018,10,4
292,2018-10-19,2018,10,4
293,2018-10-20,2018,10,4
294,2018-10-21,2018,10,4
295,2018-10-22,2018,10,4
296,2018-10-23,2018,10,4
297,2018-10-24,2018,10,4
298,2018-10-25,2018,10,4
299,2018-10-26,2018,10,4
300,2018-10-27,2018,10,4
301,2018-10-28,2018,10,4
302,2018-10-29,2018,10,4
303,2018-10-30,2018,10,4
304,2018-10-31,2018,10,4
305,2018-11-01,2018,11,4
306,2018-11-02,2018,11,4
307,2018-11-03,2018,11,4
308,2018-11-04,2018,11,4
309,2018-11-05,2018,11,4
310,2018-11-06,2018,11,4
311,2018-11-07,2018,11,4
312,2018-11-08,2018,11,4
313,2018-11-09,2018,11,4
314,2018-11-10,2018,11,4
315,2018-11-11,2018,11,4
316,2018-11-12,2018,11,4
317,2018-11-13,2018,11,4
318,2018-11-14,2018,11,4
319,2018-11-15,2018,11,4
320,2018-11-16,2018,11,4
321,2018-11-17,2018,11,4
322,2018-11-18,2018,11,4
323,2018-11-19,2018,11,4
324,2018-11-20,2018,11,4
325,2018-11-21,2018,11,4
326,2018-11-22,2018,11,4
327,2018-11-23,2018,11,4
328,2018-11-24,2018,11,4
329,2018-11-25,2018,11,4
330,2018-11-26,2018,11,4
331,2018-11-27,2018,11,4
332,2018-11-28,2018,11,4
333,2018-11-29,2018,11,4
334,2018-11-30,2018,11,4
335,2018-12-01,2018,12,4
336,2018-12-02,2018,12,4
337,2018-12-03,2018,12,4
338,2018-12-04,2018,12,4
339,2018-12-05,2018,12,4
340,2018-12-06,2018,12,4
341,2018-12-07,2018,12,4
342,2018-12-08,2018,12,4
343,2018-12-09,2018,12,4
344,2018-12-10,2018,12,4
345,2018-12-11,2018,12,4
346,2018-12-12,2018,12,4
347,2018-12-13,2018,12,4
348,2018-12-14,2018,12,4
349,2018-12-15,2018,12,4
350,2018-12-16,2018,12,4
351,2018-12-17,2018,12,4
352,2018-12-18,2018,12,4
353,2018-12-19,2018,12,4
354,2018-12-20,2018,12,4
355,2018-12-21,2018,12,4
356,2018-12-22,2018,12,4
357,2018-12-23,2018,12,4
358,2018-12-24,2018,12,4
359,2018-12-25,2018,12,4
360,2018-12-26,2018,12,4
361,2018-12-27,2018,12,4
362,2018-12-28,2018,12,4
363,2018-12-29,2018,12,4
364,2018-12-30,2018,12,4
365,2018-12-31,2018,12,4
366,2019-01-01,2019,1,1
367,2019-01-02,2019,1,1
368,2019-01-03,2019,1,1
369,2019-01-04,2019,1,1
370,2019-01-05,2019,1,1
371,2019-01-06,2019,1,1
372,2019-01-07,2019,1,1
373,2019-01-08,2019,1,1
374,2019-01-09,2019,1,1
375,2019-01-10,2019,1,1
376,2019-01-11,2019,1,1
377,2019-01-12,2019,1,1
378,2019-01-13,2019,1,1
379,2019-01-14,2019,1,1
380,2019-01-15,2019,1,1
381,2019-01-16,2019,1,1
382,2019-01-17,2019,1,1
383,2019-01-18,2019,1,1
384,2019-01-19,2019,1,1
385,2019-01-20,2019,1,1
386,2019-01-21,2019,1,1
387,2019-01-22,2019,1,1
388,2019-01-23,2019,1,1
389,2019-01-24,2019,1,1
390,2019-01-25,2019,1,1
391,2019-01-26,2019,1,1
392,2019-01-27,2019,1,1
393,2019-01-28,2019,1,1
394,2019-01-29,2019,1,1
395,2019-01-30,2019,1,1
396,2019-01-31,2019,1,1
397,2019-02-01,2019,2,1
398,2019-02-02,2019,2,1
399,2019-02-03,2019,2,1
400,2019-02-04,2019,2,1
401,2019-02-05,2019,2,1
402,2019-02-06,2019,2,1
403,2019-02-07,2019,2,1
404,2019-02-08,2019,2,1
405,2019-02-09,2019,2,1
406,2019-02-10,2019,2,1
407,2019-02-11,2019,2,1
408,2019-02-12,2019,2,1
409,2019-02-13,2019,2,1
410,2019-02-14,2019,2,1
411,2019-02-15,2019,2,1
412,2019-02-16,2019,2,1
413,2019-02-17,2019,2,1
414,2019-02-18,2019,2,1
415,2019-02-19,2019,2,1
416,2019-02-20,2019,2,1
417,2019-02-21,2019,2,1
418,2019-02-22,2019,2,1
419,2019-02-23,2019,2,1
420,2019-02-24,2019,2,1
421,2019-02-25,2019,2,1
422,2019-02-26,2019,2,1
423,2019-02-27,2019,2,1
424,2019-02-28,2019,2,1
425,2019-03-01,2019,3,1
426,2019-03-02,2019,3,1
427,2019-03-03,2019,3,1
428,2019-03-04,2019,3,1
429,2019-03-05,2019,3,1
430,2019-03-06,2019,3,1
431,2019-03-07,2019,3,1
432,2019-03-08,2019,3,1
433,2019-03-09,2019,3,1
434,2019-03-10,2019,3,1
435,2019-03-11,2019,3,1
436,2019-03-12,2019,3,1
437,2019-03-13,2019,3,1
438,2019-03-14,2019,3,1
439,2019-03-15,2019,3,1
440,2019-03-16,2019,3,1
441,2019-03-17,2019,3,1
442,2019-03-18,2019,3,1
443,2019-03-19,2019,3,1
444,2019-03-20,2019,3,1
445,2019-03-21,2019,3,1
446,2019-03-22,2019,3,1
447,2019-03-23,2019,3,1
448,2019-03-24,2019,3,1
449,2019-03-25,2019,3,1
450,2019-03-26,2019,3,1
451,2019-03-27,2019,3,1
452,2019-03-28,2019,3,1
453,2019-03-29,2019,3,1
454,2019-03-30,2019,3,1
455,2019-03-31,2019,3,1
456,2019-04-01,2019,4,2
457,2019-04-02,2019,4,2
458,2019-04-03,2019,4,2
459,2019-04-04,2019,4,2
460,2019-04-05,2019,4,2
461,2019-04-06,2019,4,2
462,2019-04-07,2019,4,2
463,2019-04-08,2019,4,2
464,2019-04-09,2019,4,2
465,2019-04-10,2019,4,2
466,2019-04-11,2019,4,2
467,2019-04-12,2019,4,2
468,2019-04-13,2019,4,2
469,2019-04-14,2019,4,2
470,2019-04-15,2019,4,2
471,2019-04-16,2019,4,2
472,2019-04-17,2019,4,2
473,2019-04-18,2019,4,2
474,2019-04-19,2019,4,2
475,2019-04-20,2019,4,2
476,2019-04-21,2019,4,2
477,2019-04-22,2019,4,2
478,2019-04-23,2019,4,2
479,2019-04-24,2019,4,2
480,2019-04-25,2019,4,2
481,2019-04-26,2019,4,2
482,2019-04-27,2019,4,2
483,2019-04-28,2019,4,2
484,2019-04-29,2019,4,2
485,2019-04-30,2019,4,2
486,2019-05-01,2019,5,2
487,2019-05-02,2019,5,2
488,2019-05-03,2019,5,2
489,2019-05-04,2019,5,2
490,2019-05-05,2019,5,2
491,2019-05-06,2019,5,2
492,2019-05-07,2019,5,2
493,2019-05-08,2019,5,2
494,2019-05-09,2019,5,2
495,2019-05-10,2019,5,2
496,2019-05-11,2019,5,2
497,2019-05-12,2019,5,2
498,2019-05-13,2019,5,2
499,2019-05-14,2019,5,2
500,2019-05-15,2019,5,2
501,2019-05-16,2019,5,2
502,2019-05-17,2019,5,2
503,2019-05-18,2019,5,2
504,2019-05-19,2019,5,2
505,2019-05-20,2019,5,2
506,2019-05-21,2019,5,2
507,2019-05-22,2019,5,2
508,2019-05-23,2019,5,2
509,2019-05-24,2019,5,2
510,2019-05-25,2019,5,2
511,2019-05-26,2019,5,2
512,2019-05-27,2019,5,2
513,2019-05-28,2019,5,2
514,2019-05-29,2019,5,2
515,2019-05-30,2019,5,2
516,2019-05-31,2019,5,2
517,2019-06-01,2019,6,2
518,2019-06-02,2019,6,2
519,2019-06-03,2019,6,2
520,2019-06-04,2019,6,2
521,2019-06-05,2019,6,2
522,2019-06-06,2019,6,2
523,2019-06-07,2019,6,2
524,2019-06-08,2019,6,2
525,2019-06-09,2019,6,2
526,2019-06-10,2019,6,2
527,2019-06-11,2019,6,2
528,2019-06-12,2019,6,2
529,2019-06-13,2019,6,2
530,2019-06-14,2019,6,2
531,2019-06-15,2019,6,2
532,2019-06-16,2019,6,2
533,2019-06-17,2019,6,2
534,2019-06-18,2019,6,2
535,2019-06-19,2019,6,2
536,2019-06-20,2019,6,2
537,2019-06-21,2019,6,2
538,2019-06-22,2019,6,2
539,2019-06-23,2019,6,2
540,2019-06-24,2019,6,2
541,2019-06-25,2019,6,2
542,2019-06-26,2019,6,2
543,2019-06-27,2019,6,2
544,2019-06-28,2019,6,2
545,2019-06-29,2019,6,2
546,2019-06-30,2019,6,2
547,2019-07-01,2019,7,3
548,2019-07-02,2019,7,3
549,2019-07-03,2019,7,3
550,2019-07-04,2019,7,3
551,2019-07-05,2019,7,3
552,2019-07-06,2019,7,3
553,2019-07-07,2019,7,3
554,2019-07-08,2019,7,3
555,2019-07-09,2019,7,3
556,2019-07-10,2019,7,3
557,2019-07-11,2019,7,3
558,2019-07-12,2019,7,3
559,2019-07-13,2019,7,3
560,2019-07-14,2019,7,3
561,2019-07-15,2019,7,3
562,2019-07-16,2019,7,3
563,2019-07-17,2019,7,3
564,2019-07-18,2019,7,3
565,2019-07-19,2019,7,3
566,2019-07-20,2019,7,3
567,2019-07-21,2019,7,3
568,2019-07-22,2019,7,3
569,2019-07-23,2019,7,3
570,2019-07-24,2019,7,3
571,2019-07-25,2019,7,3
572,2019-07-26,2019,7,3
573,2019-07-27,2019,7,3
574,2019-07-28,2019,7,3
575,2019-07-29,2019,7,3
576,2019-07-30,2019,7,3
577,2019-07-31,2019,7,3
578,2019-08-01,2019,8,3
579,2019-08-02,2019,8,3
580,2019-08-03,2019,8,3
581,2019-08-04,2019,8,3
582,2019-08-05,2019,8,3
583,2019-08-06,2019,8,3
584,2019-08-07,2019,8,3
585,2019-08-08,2019,8,3
586,2019-08-09,2019,8,3
587,2019-08-10,2019,8,3
588,2019-08-11,2019,8,3
589,2019-08-12,2019,8,3
590,2019-08-13,2019,8,3
591,2019-08-14,2019,8,3
592,2019-08-15,2019,8,3
593,2019-08-16,2019,8,3
594,2019-08-17,2019,8,3
595,2019-08-18,2019,8,3
596,2019-08-19,2019,8,3
597,2019-08-20,2019,8,3
598,2019-08-21,2019,8,3
599,2019-08-22,2019,8,3
600,2019-08-23,2019,8,3
601,2019-08-24,2019,8,3
602,2019-08-25,2019,8,3
603,2019-08-26,2019,8,3
604,2019-08-27,2019,8,3
605,2019-08-28,2019,8,3
606,2019-08-29,2019,8,3
607,2019-08-30,2019,8,3
608,2019-08-31,2019,8,3
609,2019-09-01,2019,9,3
610,2019-09-02,2019,9,3
611,2019-09-03,2019,9,3
612,2019-09-04,2019,9,3
613,2019-09-05,2019,9,3
614,2019-09-06,2019,9,3
615,2019-09-07,2019,9,3
616,2019-09-08,2019,9,3
617,2019-09-09,2019,9,3
618,2019-09-10,2019,9,3
619,2019-09-11,2019,9,3
620,2019-09-12,2019,9,3
621,2019-09-13,2019,9,3
622,2019-09-14,2019,9,3
623,2019-09-15,2019,9,3
624,2019-09-16,2019,9,3
625,2019-09-17,2019,9,3
626,2019-09-18,2019,9,3
627,2019-09-19,2019,9,3
628,2019-09-20,2019,9,3
629,2019-09-21,2019,9,3
630,2019-09-22,2019,9,3
631,2019-09-23,2019,9,3
632,2019-09-24,2019,9,3
633,2019-09-25,2019,9,3
634,2019-09-26,2019,9,3
635,2019-09-27,2019,9,3
636,2019-09-28,2019,9,3
637,2019-09-29,2019,9,3
638,2019-09-30,2019,9,3
639,2019-10-01,2019,10,4
640,2019-10-02,2019,10,4
641,2019-10-03,2019,10,4
642,2019-10-04,2019,10,4
643,2019-10-05,2019,10,4
644,2019-10-06,2019,10,4
645,2019-10-07,2019,10,4
646,2019-10-08,2019,10,4
647,2019-10-09,2019,10,4
648,2019-10-10,2019,10,4
649,2019-10-11,2019,10,4
650,2019-10-12,2019,10,4
651,2019-10-13,2019,10,4
652,2019-10-14,2019,10,4
653,2019-10-15,2019,10,4
654,2019-10-16,2019,10,4
655,2019-10-17,2019,10,4
656,2019-10-18,2019,10,4
657,2019-10-19,2019,10,4
658,2019-10-20,2019,10,4
659,2019-10-21,2019,10,4
660,2019-10-22,2019,10,4
661,2019-10-23,2019,10,4
662,2019-10-24,2019,10,4
663,2019-10-25,2019,10,4
664,2019-10-26,2019,10,4
665,2019-10-27,2019,10,4
666,2019-10-28,2019,10,4
667,2019-10-29,2019,10,4
668,2019-10-30,2019,10,4
669,2019-10-31,2019,10,4
670,2019-11-01,2019,11,4
671,2019-11-02,2019,11,4
672,2019-11-03,2019,11,4
673,2019-11-04,2019,11,4
674,2019-11-05,2019,11,4
675,2019-11-06,2019,11,4
676,2019-11-07,2019,11,4
677,2019-11-08,2019,11,4
678,2019-11-09,2019,11,4
679,2019-11-10,2019,11,4
680,2019-11-11,2019,11,4
681,2019-11-12,2019,11,4
682,2019-11-13,2019,11,4
683,2019-11-14,2019,11,4
684,2019-11-15,2019,11,4
685,2019-11-16,2019,11,4
686,2019-11-17,2019,11,4
687,2019-11-18,2019,11,4
688,2019-11-19,2019,11,4
689,2019-11-20,2019,11,4
690,2019-11-21,2019,11,4
691,2019-11-22,2019,11,4
692,2019-11-23,2019,11,4
693,2019-11-24,2019,11,4
694,2019-11-25,2019,11,4
695,2019-11-26,2019,11,4
696,2019-11-27,2019,11,4
697,2019-11-28,2019,11,4
698,2019-11-29,2019,11,4
699,2019-11-30,2019,11,4
700,2019-12-01,2019,12,4
701,2019-12-02,2019,12,4
702,2019-12-03,2019,12,4
703,2019-12-04,2019,12,4
704,2019-12-05,2019,12,4
705,2019-12-06,2019,12,4
706,2019-12-07,2019,12,4
707,2019-12-08,2019,12,4
708,2019-12-09,2019,12,4
709,2019-12-10,2019,12,4
710,2019-12-11,2019,12,4
711,2019-12-12,2019,12,4
712,2019-12-13,2019,12,4
713,2019-12-14,2019,12,4
714,2019-12-15,2019,12,4
715,2019-12-16,2019,12,4
716,2019-12-17,2019,12,4
717,2019-12-18,2019,12,4
718,2019-12-19,2019,12,4
719,2019-12-20,2019,12,4
720,2019-12-21,2019,12,4
721,2019-12-22,2019,12,4
722,2019-12-23,2019,12,4
723,2019-12-24,2019,12,4
724,2019-12-25,2019,12,4
725,2019-12-26,2019,12,4
726,2019-12-27,2019,12,4
727,2019-12-28,2019,12,4
728,2019-12-29,2019,12,4
729,2019-12-30,2019,12,4
730,2019-12-31,2019,12,4
731,2020-01-01,2020,1,1
732,2020-01-02,2020,1,1
733,2020-01-03,2020,1,1
734,2020-01-04,2020,1,1
735,2020-01-05,2020,1,1
736,2020-01-06,2020,1,1
737,2020-01-07,2020,1,1
738,2020-01-08,2020,1,1
739,2020-01-09,2020,1,1
740,2020-01-10,2020,1,1
741,2020-01-11,2020,1,1
742,2020-01-12,2020,1,1
743,2020-01-13,2020,1,1
744,2020-01-14,2020,1,1
745,2020-01-15,2020,1,1
746,2020-01-16,2020,1,1
747,2020-01-17,2020,1,1
748,2020-01-18,2020,1,1
749,2020-01-19,2020,1,1
750,2020-01-20,2020,1,1
751,2020-01-21,2020,1,1
752,2020-01-22,2020,1,1
753,2020-01-23,2020,1,1
754,2020-01-24,2020,1,1
755,2020-01-25,2020,1,1
756,2020-01-26,2020,1,1
757,2020-01-27,2020,1,1
758,2020-01-28,2020,1,1
759,2020-01-29,2020,1,1
760,2020-01-30,2020,1,1
761,2020-01-31,2020,1,1
762,2020-02-01,2020,2,1
763,2020-02-02,2020,2,1
764,2020-02-03,2020,2,1
765,2020-02-04,2020,2,1
766,2020-02-05,2020,2,1
767,2020-02-06,2020,2,1
768,2020-02-07,2020,2,1
769,2020-02-08,2020,2,1
770,2020-02-09,2020,2,1
771,2020-02-10,2020,2,1
772,2020-02-11,2020,2,1
773,2020-02-12,2020,2,1
774,2020-02-13,2020,2,1
775,2020-02-14,2020,2,1
776,2020-02-15,2020,2,1
777,2020-02-16,2020,2,1
778,2020-02-17,2020,2,1
779,2020-02-18,2020,2,1
780,2020-02-19,2020,2,1
781,2020-02-20,2020,2,1
782,2020-02-21,2020,2,1
783,2020-02-22,2020,2,1
784,2020-02-23,2020,2,1
785,2020-02-24,2020,2,1
786,2020-02-25,2020,2,1
787,2020-02-26,2020,2,1
788,2020-02-27,2020,2,1
789,2020-02-28,2020,2,1
790,2020-02-29,2020,2,1
791,2020-03-01,2020,3,1
792,2020-03-02,2020,3,1
793,2020-03-03,2020,3,1
794,2020-03-04,2020,3,1
795,2020-03-05,2020,3,1
796,2020-03-06,2020,3,1
797,2020-03-07,2020,3,1
798,2020-03-08,2020,3,1
799,2020-03-09,2020,3,1
800,2020-03-10,2020,3,1
801,2020-03-11,2020,3,1
802,2020-03-12,2020,3,1
803,2020-03-13,2020,3,1
804,2020-03-14,2020,3,1
805,2020-03-15,2020,3,1
806,2020-03-16,2020,3,1
807,2020-03-17,2020,3,1
808,2020-03-18,2020,3,1
809,2020-03-19,2020,3,1
810,2020-03-20,2020,3,1
811,2020-03-21,2020,3,1
812,2020-03-22,2020,3,1
813,2020-03-23,2020,3,1
814,2020-03-24,2020,3,1
815,2020-03-25,2020,3,1
816,2020-03-26,2020,3,1
817,2020-03-27,2020,3,1
818,2020-03-28,2020,3,1
819,2020-03-29,2020,3,1
820,2020-03-30,2020,3,1
821,2020-03-31,2020,3,1
822,2020-04-01,2020,4,2
823,2020-04-02,2020,4,2
824,2020-04-03,2020,4,2
825,2020-04-04,2020,4,2
826,2020-04-05,2020,4,2
827,2020-04-06,2020,4,2
828,2020-04-07,2020,4,2
829,2020-04-08,2020,4,2
830,2020-04-09,2020,4,2
831,2020-04-10,2020,4,2
832,2020-04-11,2020,4,2
833,2020-04-12,2020,4,2
834,2020-04-13,2020,4,2
835,2020-04-14,2020,4,2
836,2020-04-15,2020,4,2
837,2020-04-16,2020,4,2
838,2020-04-17,2020,4,2
839,2020-04-18,2020,4,2
840,2020-04-19,2020,4,2
841,2020-04-20,2020,4,2
842,2020-04-21,2020,4,2
843,2020-04-22,2020,4,2
844,2020-04-23,2020,4,2
845,2020-04-24,2020,4,2
846,2020-04-25,2020,4,2
847,2020-04-26,2020,4,2
848,2020-04-27,2020,4,2
849,2020-04-28,2020,4,2
850,2020-04-29,2020,4,2
851,2020-04-30,2020,4,2
852,2020-05-01,2020,5,2
853,2020-05-02,2020,5,2
854,2020-05-03,2020,5,2
855,2020-05-04,2020,5,2
856,2020-05-05,2020,5,2
857,2020-05-06,2020,5,2
858,2020-05-07,2020,5,2
859,2020-05-08,2020,5,2
860,2020-05-09,2020,5,2
861,2020-05-10,2020,5,2
862,2020-05-11,2020,5,2
863,2020-05-12,2020,5,2
864,2020-05-13,2020,5,2
865,2020-05-14,2020,5,2
866,2020-05-15,2020,5,2
867,2020-05-16,2020,5,2
868,2020-05-17,2020,5,2
869,2020-05-18,2020,5,2
870,2020-05-19,2020,5,2
871,2020-05-20,2020,5,2
872,2020-05-21,2020,5,2
873,2020-05-22,2020,5,2
874,2020-05-23,2020,5,2
875,2020-05-24,2020,5,2
876,2020-05-25,2020,5,2
877,2020-05-26,2020,5,2
878,2020-05-27,2020,5,2
879,2020-05-28,2020,5,2
880,2020-05-29,2020,5,2
881,2020-05-30,2020,5,2
882,2020-05-31,2020,5,2
883,2020-06-01,2020,6,2
884,2020-06-02,2020,6,2
885,2020-06-03,2020,6,2
886,2020-06-04,2020,6,2
887,2020-06-05,2020,6,2
888,2020-06-06,2020,6,2
889,2020-06-07,2020,6,2
890,2020-06-08,2020,6,2
891,2020-06-09,2020,6,2
892,2020-06-10,2020,6,2
893,2020-06-11,2020,6,2
894,2020-06-12,2020,6,2
895,2020-06-13,2020,6,2
896,2020-06-14,2020,6,2
897,2020-06-15,2020,6,2
898,2020-06-16,2020,6,2
899,2020-06-17,2020,6,2
900,2020-06-18,2020,6,2
901,2020-06-19,2020,6,2
902,2020-06-20,2020,6,2
903,2020-06-21,2020,6,2
904,2020-06-22,2020,6,2
905,2020-06-23,2020,6,2
906,2020-06-24,2020,6,2
907,2020-06-25,2020,6,2
908,2020-06-26,2020,6,2
909,2020-06-27,2020,6,2
910,2020-06-28,2020,6,2
911,2020-06-29,2020,6,2
912,2020-06-30,2020,6,2
913,2020-07-01,2020,7,3
914,2020-07-02,2020,7,3
915,2020-07-03,2020,7,3
916,2020-07-04,2020,7,3
917,2020-07-05,2020,7,3
918,2020-07-06,2020,7,3
919,2020-07-07,2020,7,3
920,2020-07-08,2020,7,3
921,2020-07-09,2020,7,3
922,2020-07-10,2020,7,3
923,2020-07-11,2020,7,3
924,2020-07-12,2020,7,3
925,2020-07-13,2020,7,3
926,2020-07-14,2020,7,3
927,2020-07-15,2020,7,3
928,2020-07-16,2020,7,3
929,2020-07-17,2020,7,3
930,2020-07-18,2020,7,3
931,2020-07-19,2020,7,3
932,2020-07-20,2020,7,3
933,2020-07-21,2020,7,3
934,2020-07-22,2020,7,3
935,2020-07-23,2020,7,3
936,2020-07-24,2020,7,3
937,2020-07-25,2020,7,3
938,2020-07-26,2020,7,3
939,2020-07-27,2020,7,3
940,2020-07-28,2020,7,3
941,2020-07-29,2020,7,3
942,2020-07-30,2020,7,3
943,2020-07-31,2020,7,3
944,2020-08-01,2020,8,3
945,2020-08-02,2020,8,3
946,2020-08-03,2020,8,3
947,2020-08-04,2020,8,3
948,2020-08-05,2020,8,3
949,2020-08-06,2020,8,3
950,2020-08-07,2020,8,3
951,2020-08-08,2020,8,3
952,2020-08-09,2020,8,3
953,2020-08-10,2020,8,3
954,2020-08-11,2020,8,3
955,2020-08-12,2020,8,3
956,2020-08-13,2020,8,3
957,2020-08-14,2020,8,3
958,2020-08-15,2020,8,3
959,2020-08-16,2020,8,3
960,2020-08-17,2020,8,3
961,2020-08-18,2020,8,3
962,2020-08-19,2020,8,3
963,2020-08-20,2020,8,3
964,2020-08-21,2020,8,3
965,2020-08-22,2020,8,3
966,2020-08-23,2020,8,3
967,2020-08-24,2020,8,3
968,2020-08-25,2020,8,3
969,2020-08-26,2020,8,3
970,2020-08-27,2020,8,3
971,2020-08-28,2020,8,3
972,2020-08-29,2020,8,3
973,2020-08-30,2020,8,3
974,2020-08-31,2020,8,3
975,2020-09-01,2020,9,3
976,2020-09-02,2020,9,3
977,2020-09-03,2020,9,3
978,2020-09-04,2020,9,3
979,2020-09-05,2020,9,3
980,2020-09-06,2020,9,3
981,2020-09-07,2020,9,3
982,2020-09-08,2020,9,3
983,2020-09-09,2020,9,3
984,2020-09-10,2020,9,3
985,2020-09-11,2020,9,3
986,2020-09-12,2020,9,3
987,2020-09-13,2020,9,3
988,2020-09-14,2020,9,3
989,2020-09-15,2020,9,3
990,2020-09-16,2020,9,3
991,2020-09-17,2020,9,3
992,2020-09-18,2020,9,3
993,2020-09-19,2020,9,3
994,2020-09-20,2020,9,3
995,2020-09-21,2020,9,3
996,2020-09-22,2020,9,3
997,2020-09-23,2020,9,3
998,2020-09-24,2020,9,3
999,2020-09-25,2020,9,3
1000,2020-09-26,2020,9,3
1001,2020-09-27,2020,9,3
1002,2020-09-28,2020,9,3
1003,2020-09-29,2020,9,3
1004,2020-09-30,2020,9,3
1005,2020-10-01,2020,10,4
1006,2020-10-02,2020,10,4
1007,2020-10-03,2020,10,4
1008,2020-10-04,2020,10,4
1009,2020-10-05,2020,10,4
1010,2020-10-06,2020,10,4
1011,2020-10-07,2020,10,4
1012,2020-10-08,2020,10,4
1013,2020-10-09,2020,10,4
1014,2020-10-10,2020,10,4
1015,2020-10-11,2020,10,4
1016,2020-10-12,2020,10,4
1017,2020-10-13,2020,10,4
1018,2020-10-14,2020,10,4
1019,2020-10-15,2020,10,4
1020,2020-10-16,2020,10,4
1021,2020-10-17,2020,10,4
1022,2020-10-18,2020,10,4
1023,2020-10-19,2020,10,4
1024,2020-10-20,2020,10,4
1025,2020-10-21,2020,10,4
1026,2020-10-22,2020,10,4
1027,2020-10-23,2020,10,4
1028,2020-10-24,2020,10,4
1029,2020-10-25,2020,10,4
1030,2020-10-26,2020,10,4
1031,2020-10-27,2020,10,4
1032,2020-10-28,2020,10,4
1033,2020-10-29,2020,10,4
1034,2020-10-30,2020,10,4
1035,2020-10-31,2020,10,4
1036,2020-11-01,2020,11,4
1037,2020-11-02,2020,11,4
1038,2020-11-03,2020,11,4
1039,2020-11-04,2020,11,4
1040,2020-11-05,2020,11,4
1041,2020-11-06,2020,11,4
1042,2020-11-07,2020,11,4
1043,2020-11-08,2020,11,4
1044,2020-11-09,2020,11,4
1045,2020-11-10,2020,11,4
1046,2020-11-11,2020,11,4
1047,2020-11-12,2020,11,4
1048,2020-11-13,2020,11,4
1049,2020-11-14,2020,11,4
1050,2020-11-15,2020,11,4
1051,2020-11-16,2020,11,4
1052,2020-11-17,2020,11,4
1053,2020-11-18,2020,11,4
1054,2020-11-19,2020,11,4
1055,2020-11-20,2020,11,4
1056,2020-11-21,2020,11,4
1057,2020-11-22,2020,11,4
1058,2020-11-23,2020,11,4
1059,2020-11-24,2020,11,4
1060,2020-11-25,2020,11,4
1061,2020-11-26,2020,11,4
1062,2020-11-27,2020,11,4
1063,2020-11-28,2020,11,4
1064,2020-11-29,2020,11,4
1065,2020-11-30,2020,11,4
1066,2020-12-01,2020,12,4
1067,2020-12-02,2020,12,4
1068,2020-12-03,2020,12,4
1069,2020-12-04,2020,12,4
1070,2020-12-05,2020,12,4
1071,2020-12-06,2020,12,4
1072,2020-12-07,2020,12,4
1073,2020-12-08,2020,12,4
1074,2020-12-09,2020,12,4
1075,2020-12-10,2020,12,4
1076,2020-12-11,2020,12,4
1077,2020-12-12,2020,12,4
1078,2020-12-13,2020,12,4
1079,2020-12-14,2020,12,4
1080,2020-12-15,2020,12,4
1081,2020-12-16,2020,12,4
1082,2020-12-17,2020,12,4
1083,2020-12-18,2020,12,4
1084,2020-12-19,2020,12,4
1085,2020-12-20,2020,12,4
1086,2020-12-21,2020,12,4
1087,2020-12-22,2020,12,4
1088,2020-12-23,2020,12,4
1089,2020-12-24,2020,12,4
1090,2020-12-25,2020,12,4
1091,2020-12-26,2020,12,4
1092,2020-12-27,2020,12,4
1093,2020-12-28,2020,12,4
1094,2020-12-29,2020,12,4
1095,2020-12-30,2020,12,4
1096,2020-12-31,2020,12,4
1097,2021-01-01,2021,1,1
1098,2021-01-02,2021,1,1
1099,2021-01-03,2021,1,1
1100,2021-01-04,2021,1,1
1101,2021-01-05,2021,1,1
1102,2021-01-06,2021,1,1
1103,2021-01-07,2021,1,1
1104,2021-01-08,2021,1,1
1105,2021-01-09,2021,1,1
1106,2021-01-10,2021,1,1
1107,2021-01-11,2021,1,1
1108,2021-01-12,2021,1,1
1109,2021-01-13,2021,1,1
1110,2021-01-14,2021,1,1
1111,2021-01-15,2021,1,1
1112,2021-01-16,2021,1,1
1113,2021-01-17,2021,1,1
1114,2021-01-18,2021,1,1
1115,2021-01-19,2021,1,1
1116,2021-01-20,2021,1,1
1117,2021-01-21,2021,1,1
1118,2021-01-22,2021,1,1
1119,2021-01-23,2021,1,1
1120,2021-01-24,2021,1,1
1121,2021-01-25,2021,1,1
1122,2021-01-26,2021,1,1
1123,2021-01-27,2021,1,1
1124,2021-01-28,2021,1,1
1125,2021-01-29,2021,1,1
1126,2021-01-30,2021,1,1
1127,2021-01-31,2021,1,1
1128,2021-02-01,2021,2,1
1129,2021-02-02,2021,2,1
1130,2021-02-03,2021,2,1
1131,2021-02-04,2021,2,1
1132,2021-02-05,2021,2,1
1133,2021-02-06,2021,2,1
1134,2021-02-07,2021,2,1
1135,2021-02-08,2021,2,1
1136,2021-02-09,2021,2,1
1137,2021-02-10,2021,2,1
1138,2021-02-11,2021,2,1
1139,2021-02-12,2021,2,1
1140,2021-02-13,2021,2,1
1141,2021-02-14,2021,2,1
1142,2021-02-15,2021,2,1
1143,2021-02-16,2021,2,1
1144,2021-02-17,2021,2,1
1145,2021-02-18,2021,2,1
1146,2021-02-19,2021,2,1
1147,2021-02-20,2021,2,1
1148,2021-02-21,2021,2,1
1149,2021-02-22,2021,2,1
1150,2021-02-23,2021,2,1
1151,2021-02-24,2021,2,1
1152,2021-02-25,2021,2,1
1153,2021-02-26,2021,2,1
1154,2021-02-27,2021,2,1
1155,2021-02-28,2021,2,1
1156,2021-03-01,2021,3,1
1157,2021-03-02,2021,3,1
1158,2021-03-03,2021,3,1
1159,2021-03-04,2021,3,1
1160,2021-03-05,2021,3,1
1161,2021-03-06,2021,3,1
1162,2021-03-07,2021,3,1
1163,2021-03-08,2021,3,1
1164,2021-03-09,2021,3,1
1165,2021-03-10,2021,3,1
1166,2021-03-11,2021,3,1
1167,2021-03-12,2021,3,1
1168,2021-03-13,2021,3,1
1169,2021-03-14,2021,3,1
1170,2021-03-15,2021,3,1
1171,2021-03-16,2021,3,1
1172,2021-03-17,2021,3,1
1173,2021-03-18,2021,3,1
1174,2021-03-19,2021,3,1
1175,2021-03-20,2021,3,1
1176,2021-03-21,2021,3,1
1177,2021-03-22,2021,3,1
1178,2021-03-23,2021,3,1
1179,2021-03-24,2021,3,1
1180,2021-03-25,2021,3,1
1181,2021-03-26,2021,3,1
1182,2021-03-27,2021,3,1
1183,2021-03-28,2021,3,1
1184,2021-03-29,2021,3,1
1185,2021-03-30,2021,3,1
1186,2021-03-31,2021,3,1
1187,2021-04-01,2021,4,2
1188,2021-04-02,2021,4,2
1189,2021-04-03,2021,4,2
1190,2021-04-04,2021,4,2
1191,2021-04-05,2021,4,2
1192,2021-04-06,2021,4,2
1193,2021-04-07,2021,4,2
1194,2021-04-08,2021,4,2
1195,2021-04-09,2021,4,2
1196,2021-04-10,2021,4,2
1197,2021-04-11,2021,4,2
1198,2021-04-12,2021,4,2
1199,2021-04-13,2021,4,2
1200,2021-04-14,2021,4,2
1201,2021-04-15,2021,4,2
1202,2021-04-16,2021,4,2
1203,2021-04-17,2021,4,2
1204,2021-04-18,2021,4,2
1205,2021-04-19,2021,4,2
1206,2021-04-20,2021,4,2
1207,2021-04-21,2021,4,2
1208,2021-04-22,2021,4,2
1209,2021-04-23,2021,4,2
1210,2021-04-24,2021,4,2
1211,2021-04-25,2021,4,2
1212,2021-04-26,2021,4,2
1213,2021-04-27,2021,4,2
1214,2021-04-28,2021,4,2
1215,2021-04-29,2021,4,2
1216,2021-04-30,2021,4,2
1217,2021-05-01,2021,5,2
1218,2021-05-02,2021,5,2
1219,2021-05-03,2021,5,2
1220,2021-05-04,2021,5,2
1221,2021-05-05,2021,5,2
1222,2021-05-06,2021,5,2
1223,2021-05-07,2021,5,2
1224,2021-05-08,2021,5,2
1225,2021-05-09,2021,5,2
1226,2021-05-10,2021,5,2
1227,2021-05-11,2021,5,2
1228,2021-05-12,2021,5,2
1229,2021-05-13,2021,5,2
1230,2021-05-14,2021,5,2
1231,2021-05-15,2021,5,2
1232,2021-05-16,2021,5,2
1233,2021-05-17,2021,5,2
1234,2021-05-18,2021,5,2
1235,2021-05-19,2021,5,2
1236,2021-05-20,2021,5,2
1237,2021-05-21,2021,5,2
1238,2021-05-22,2021,5,2
1239,2021-05-23,2021,5,2
1240,2021-05-24,2021,5,2
1241,2021-05-25,2021,5,2
1242,2021-05-26,2021,5,2
1243,2021-05-27,2021,5,2
1244,2021-05-28,2021,5,2
1245,2021-05-29,2021,5,2
1246,2021-05-30,2021,5,2
1247,2021-05-31,2021,5,2
1248,2021-06-01,2021,6,2
1249,2021-06-02,2021,6,2
1250,2021-06-03,2021,6,2
1251,2021-06-04,2021,6,2
1252,2021-06-05,2021,6,2
1253,2021-06-06,2021,6,2
1254,2021-06-07,2021,6,2
1255,2021-06-08,2021,6,2
1256,2021-06-09,2021,6,2
1257,2021-06-10,2021,6,2
1258,2021-06-11,2021,6,2
1259,2021-06-12,2021,6,2
1260,2021-06-13,2021,6,2
1261,2021-06-14,2021,6,2
1262,2021-06-15,2021,6,2
1263,2021-06-16,2021,6,2
1264,2021-06-17,2021,6,2
1265,2021-06-18,2021,6,2
1266,2021-06-19,2021,6,2
1267,2021-06-20,2021,6,2
1268,2021-06-21,2021,6,2
1269,2021-06-22,2021,6,2
1270,2021-06-23,2021,6,2
1271,2021-06-24,2021,6,2
1272,2021-06-25,2021,6,2
1273,2021-06-26,2021,6,2
1274,2021-06-27,2021,6,2
1275,2021-06-28,2021,6,2
1276,2021-06-29,2021,6,2
1277,2021-06-30,2021,6,2
1278,2021-07-01,2021,7,3
1279,2021-07-02,2021,7,3
1280,2021-07-03,2021,7,3
1281,2021-07-04,2021,7,3
1282,2021-07-05,2021,7,3
1283,2021-07-06,2021,7,3
1284,2021-07-07,2021,7,3
1285,2021-07-08,2021,7,3
1286,2021-07-09,2021,7,3
1287,2021-07-10,2021,7,3
1288,2021-07-11,2021,7,3
1289,2021-07-12,2021,7,3
1290,2021-07-13,2021,7,3
1291,2021-07-14,2021,7,3
1292,2021-07-15,2021,7,3
1293,2021-07-16,2021,7,3
1294,2021-07-17,2021,7,3
1295,2021-07-18,2021,7,3
1296,2021-07-19,2021,7,3
1297,2021-07-20,2021,7,3
1298,2021-07-21,2021,7,3
1299,2021-07-22,2021,7,3
1300,2021-07-23,2021,7,3
1301,2021-07-24,2021,7,3
1302,2021-07-25,2021,7,3
1303,2021-07-26,2021,7,3
1304,2021-07-27,2021,7,3
1305,2021-07-28,2021,7,3
1306,2021-07-29,2021,7,3
1307,2021-07-30,2021,7,3
1308,2021-07-31,2021,7,3
1309,2021-08-01,2021,8,3
1310,2021-08-02,2021,8,3
1311,2021-08-03,2021,8,3
1312,2021-08-04,2021,8,3
1313,2021-08-05,2021,8,3
1314,2021-08-06,2021,8,3
1315,2021-08-07,2021,8,3
1316,2021-08-08,2021,8,3
1317,2021-08-09,2021,8,3
1318,2021-08-10,2021,8,3
1319,2021-08-11,2021,8,3
1320,2021-08-12,2021,8,3
1321,2021-08-13,2021,8,3
1322,2021-08-14,2021,8,3
1323,2021-08-15,2021,8,3
1324,2021-08-16,2021,8,3
1325,2021-08-17,2021,8,3
1326,2021-08-18,2021,8,3
1327,2021-08-19,2021,8,3
1328,2021-08-20,2021,8,3
1329,2021-08-21,2021,8,3
1330,2021-08-22,2021,8,3
1331,2021-08-23,2021,8,3
1332,2021-08-24,2021,8,3
1333,2021-08-25,2021,8,3
1334,2021-08-26,2021,8,3
1335,2021-08-27,2021,8,3
1336,2021-08-28,2021,8,3
1337,2021-08-29,2021,8,3
1338,2021-08-30,2021,8,3
1339,2021-08-31,2021,8,3
1340,2021-09-01,2021,9,3
1341,2021-09-02,2021,9,3
1342,2021-09-03,2021,9,3
1343,2021-09-04,2021,9,3
1344,2021-09-05,2021,9,3
1345,2021-09-06,2021,9,3
1346,2021-09-07,2021,9,3
1347,2021-09-08,2021,9,3
1348,2021-09-09,2021,9,3
1349,2021-09-10,2021,9,3
1350,2021-09-11,2021,9,3
1351,2021-09-12,2021,9,3
1352,2021-09-13,2021,9,3
1353,2021-09-14,2021,9,3
1354,2021-09-15,2021,9,3
1355,2021-09-16,2021,9,3
1356,2021-09-17,2021,9,3
1357,2021-09-18,2021,9,3
1358,2021-09-19,2021,9,3
1359,2021-09-20,2021,9,3
1360,2021-09-21,2021,9,3
1361,2021-09-22,2021,9,3
1362,2021-09-23,2021,9,3
1363,2021-09-24,2021,9,3
1364,2021-09-25,2021,9,3
1365,2021-09-26,2021,9,3
1366,2021-09-27,2021,9,3
1367,2021-09-28,2021,9,3
1368,2021-09-29,2021,9,3
1369,2021-09-30,2021,9,3
1370,2021-10-01,2021,10,4
1371,2021-10-02,2021,10,4
1372,2021-10-03,2021,10,4
1373,2021-10-04,2021,10,4
1374,2021-10-05,2021,10,4
1375,2021-10-06,2021,10,4
1376,2021-10-07,2021,10,4
1377,2021-10-08,2021,10,4
1378,2021-10-09,2021,10,4
1379,2021-10-10,2021,10,4
1380,2021-10-11,2021,10,4
1381,2021-10-12,2021,10,4
1382,2021-10-13,2021,10,4
1383,2021-10-14,2021,10,4
1384,2021-10-15,2021,10,4
1385,2021-10-16,2021,10,4
1386,2021-10-17,2021,10,4
1387,2021-10-18,2021,10,4
1388,2021-10-19,2021,10,4
1389,2021-10-20,2021,10,4
1390,2021-10-21,2021,10,4
1391,2021-10-22,2021,10,4
1392,2021-10-23,2021,10,4
1393,2021-10-24,2021,10,4
1394,2021-10-25,2021,10,4
1395,2021-10-26,2021,10,4
1396,2021-10-27,2021,10,4
1397,2021-10-28,2021,10,4
1398,2021-10-29,2021,10,4
1399,2021-10-30,2021,10,4
1400,2021-10-31,2021,10,4
1401,2021-11-01,2021,11,4
1402,2021-11-02,2021,11,4
1403,2021-11-03,2021,11,4
1404,2021-11-04,2021,11,4
1405,2021-11-05,2021,11,4
1406,2021-11-06,2021,11,4
1407,2021-11-07,2021,11,4
1408,2021-11-08,2021,11,4
1409,2021-11-09,2021,11,4
1410,2021-11-10,2021,11,4
1411,2021-11-11,2021,11,4
1412,2021-11-12,2021,11,4
1413,2021-11-13,2021,11,4
1414,2021-11-14,2021,11,4
1415,2021-11-15,2021,11,4
1416,2021-11-16,2021,11,4
1417,2021-11-17,2021,11,4
1418,2021-11-18,2021,11,4
1419,2021-11-19,2021,11,4
1420,2021-11-20,2021,11,4
1421,2021-11-21,2021,11,4
1422,2021-11-22,2021,11,4
1423,2021-11-23,2021,11,4
1424,2021-11-24,2021,11,4
1425,2021-11-25,2021,11,4
1426,2021-11-26,2021,11,4
1427,2021-11-27,2021,11,4
1428,2021-11-28,2021,11,4
1429,2021-11-29,2021,11,4
1430,2021-11-30,2021,11,4
1431,2021-12-01,2021,12,4
1432,2021-12-02,2021,12,4
1433,2021-12-03,2021,12,4
1434,2021-12-04,2021,12,4
1435,2021-12-05,2021,12,4
1436,2021-12-06,2021,12,4
1437,2021-12-07,2021,12,4
1438,2021-12-08,2021,12,4
1439,2021-12-09,2021,12,4
1440,2021-12-10,2021,12,4
1441,2021-12-11,2021,12,4
1442,2021-12-12,2021,12,4
1443,2021-12-13,2021,12,4
1444,2021-12-14,2021,12,4
1445,2021-12-15,2021,12,4
1446,2021-12-16,2021,12,4
1447,2021-12-17,2021,12,4
1448,2021-12-18,2021,12,4
1449,2021-12-19,2021,12,4
1450,2021-12-20,2021,12,4
1451,2021-12-21,2021,12,4
1452,2021-12-22,2021,12,4
1453,2021-12-23,2021,12,4
1454,2021-12-24,2021,12,4
1455,2021-12-25,2021,12,4
1456,2021-12-26,2021,12,4
1457,2021-12-27,2021,12,4
1458,2021-12-28,2021,12,4
1459,2021-12-29,2021,12,4
1460,2021-12-30,2021,12,4
1461,2021-12-31,2021,12,4
1462,2022-01-01,2022,1,1
1463,2022-01-02,2022,1,1
1464,2022-01-03,2022,1,1
1465,2022-01-04,2022,1,1
1466,2022-01-05,2022,1,1
1467,2022-01-06,2022,1,1
1468,2022-01-07,2022,1,1
1469,2022-01-08,2022,1,1
1470,2022-01-09,2022,1,1
1471,2022-01-10,2022,1,1
1472,2022-01-11,2022,1,1
1473,2022-01-12,2022,1,1
1474,2022-01-13,2022,1,1
1475,2022-01-14,2022,1,1
1476,2022-01-15,2022,1,1
1477,2022-01-16,2022,1,1
1478,2022-01-17,2022,1,1
1479,2022-01-18,2022,1,1
1480,2022-01-19,2022,1,1
1481,2022-01-20,2022,1,1
1482,2022-01-21,2022,1,1
1483,2022-01-22,2022,1,1
1484,2022-01-23,2022,1,1
1485,2022-01-24,2022,1,1
1486,2022-01-25,2022,1,1
1487,2022-01-26,2022,1,1
1488,2022-01-27,2022,1,1
1489,2022-01-28,2022,1,1
1490,2022-01-29,2022,1,1
1491,2022-01-30,2022,1,1
1492,2022-01-31,2022,1,1
1493,2022-02-01,2022,2,1
1494,2022-02-02,2022,2,1
1495,2022-02-03,2022,2,1
1496,2022-02-04,2022,2,1
1497,2022-02-05,2022,2,1
1498,2022-02-06,2022,2,1
1499,2022-02-07,2022,2,1
1500,2022-02-08,2022,2,1
1501,2022-02-09,2022,2,1
1502,2022-02-10,2022,2,1
1503,2022-02-11,2022,2,1
1504,2022-02-12,2022,2,1
1505,2022-02-13,2022,2,1
1506,2022-02-14,2022,2,1
1507,2022-02-15,2022,2,1
1508,2022-02-16,2022,2,1
1509,2022-02-17,2022,2,1
1510,2022-02-18,2022,2,1
1511,2022-02-19,2022,2,1
1512,2022-02-20,2022,2,1
1513,2022-02-21,2022,2,1
1514,2022-02-22,2022,2,1
1515,2022-02-23,2022,2,1
1516,2022-02-24,2022,2,1
1517,2022-02-25,2022,2,1
1518,2022-02-26,2022,2,1
1519,2022-02-27,2022,2,1
1520,2022-02-28,2022,2,1
1521,2022-03-01,2022,3,1
1522,2022-03-02,2022,3,1
1523,2022-03-03,2022,3,1
1524,2022-03-04,2022,3,1
1525,2022-03-05,2022,3,1
1526,2022-03-06,2022,3,1
1527,2022-03-07,2022,3,1
1528,2022-03-08,2022,3,1
1529,2022-03-09,2022,3,1
1530,2022-03-10,2022,3,1
1531,2022-03-11,2022,3,1
1532,2022-03-12,2022,3,1
1533,2022-03-13,2022,3,1
1534,2022-03-14,2022,3,1
1535,2022-03-15,2022,3,1
1536,2022-03-16,2022,3,1
1537,2022-03-17,2022,3,1
1538,2022-03-18,2022,3,1
1539,2022-03-19,2022,3,1
1540,2022-03-20,2022,3,1
1541,2022-03-21,2022,3,1
1542,2022-03-22,2022,3,1
1543,2022-03-23,2022,3,1
1544,2022-03-24,2022,3,1
1545,2022-03-25,2022,3,1
1546,2022-03-26,2022,3,1
1547,2022-03-27,2022,3,1
1548,2022-03-28,2022,3,1
1549,2022-03-29,2022,3,1
1550,2022-03-30,2022,3,1
1551,2022-03-31,2022,3,1
1552,2022-04-01,2022,4,2
1553,2022-04-02,2022,4,2
1554,2022-04-03,2022,4,2
1555,2022-04-04,2022,4,2
1556,2022-04-05,2022,4,2
1557,2022-04-06,2022,4,2
1558,2022-04-07,2022,4,2
1559,2022-04-08,2022,4,2
1560,2022-04-09,2022,4,2
1561,2022-04-10,2022,4,2
1562,2022-04-11,2022,4,2
1563,2022-04-12,2022,4,2
1564,2022-04-13,2022,4,2
1565,2022-04-14,2022,4,2
1566,2022-04-15,2022,4,2
1567,2022-04-16,2022,4,2
1568,2022-04-17,2022,4,2
1569,2022-04-18,2022,4,2
1570,2022-04-19,2022,4,2
1571,2022-04-20,2022,4,2
1572,2022-04-21,2022,4,2
1573,2022-04-22,2022,4,2
1574,2022-04-23,2022,4,2
1575,2022-04-24,2022,4,2
1576,2022-04-25,2022,4,2
1577,2022-04-26,2022,4,2
1578,2022-04-27,2022,4,2
1579,2022-04-28,2022,4,2
1580,2022-04-29,2022,4,2
1581,2022-04-30,2022,4,2
1582,2022-05-01,2022,5,2
1583,2022-05-02,2022,5,2
1584,2022-05-03,2022,5,2
1585,2022-05-04,2022,5,2
1586,2022-05-05,2022,5,2
1587,2022-05-06,2022,5,2
1588,2022-05-07,2022,5,2
1589,2022-05-08,2022,5,2
1590,2022-05-09,2022,5,2
1591,2022-05-10,2022,5,2
1592,2022-05-11,2022,5,2
1593,2022-05-12,2022,5,2
1594,2022-05-13,2022,5,2
1595,2022-05-14,2022,5,2
1596,2022-05-15,2022,5,2
1597,2022-05-16,2022,5,2
1598,2022-05-17,2022,5,2
1599,2022-05-18,2022,5,2
1600,2022-05-19,2022,5,2
1601,2022-05-20,2022,5,2
1602,2022-05-21,2022,5,2
1603,2022-05-22,2022,5,2
1604,2022-05-23,2022,5,2
1605,2022-05-24,2022,5,2
1606,2022-05-25,2022,5,2
1607,2022-05-26,2022,5,2
1608,2022-05-27,2022,5,2
1609,2022-05-28,2022,5,2
1610,2022-05-29,2022,5,2
1611,2022-05-30,2022,5,2
1612,2022-05-31,2022,5,2
1613,2022-06-01,2022,6,2
1614,2022-06-02,2022,6,2
1615,2022-06-03,2022,6,2
1616,2022-06-04,2022,6,2
1617,2022-06-05,2022,6,2
1618,2022-06-06,2022,6,2
1619,2022-06-07,2022,6,2
1620,2022-06-08,2022,6,2
1621,2022-06-09,2022,6,2
1622,2022-06-10,2022,6,2
1623,2022-06-11,2022,6,2
1624,2022-06-12,2022,6,2
1625,2022-06-13,2022,6,2
1626,2022-06-14,2022,6,2
1627,2022-06-15,2022,6,2
1628,2022-06-16,2022,6,2
1629,2022-06-17,2022,6,2
1630,2022-06-18,2022,6,2
1631,2022-06-19,2022,6,2
1632,2022-06-20,2022,6,2
1633,2022-06-21,2022,6,2
1634,2022-06-22,2022,6,2
1635,2022-06-23,2022,6,2
1636,2022-06-24,2022,6,2
1637,2022-06-25,2022,6,2
1638,2022-06-26,2022,6,2
1639,2022-06-27,2022,6,2
1640,2022-06-28,2022,6,2
1641,2022-06-29,2022,6,2
1642,2022-06-30,2022,6,2
1643,2022-07-01,2022,7,3
1644,2022-07-02,2022,7,3
1645,2022-07-03,2022,7,3
1646,2022-07-04,2022,7,3
